date,bus_rides,rail_rides,divvy_rides,TEMP,PRCP,HMDT,WND_SPD,ATM_PRESS
2024-11-01,615647,326053,15162,8.833333333333334,0.011250000000000001,67.34916666666668,4.4525,100.2725
2024-11-02,409674,239130,15325,10.706666666666665,0.0,68.86583333333333,4.28125,100.58958333333334
2024-11-03,266934,195095,11258,13.902499999999998,1.3158333333333332,70.21833333333333,8.925416666666667,99.67125
2024-11-04,550139,327279,13268,16.7725,21.297916666666666,93.48333333333333,7.697916666666667,98.94875
2024-11-05,517204,323771,10621,16.90875,19.392083333333332,91.64666666666666,9.087916666666667,98.47208333333333
2024-11-06,628749,365520,15668,11.99125,0.1075,82.19,4.570833333333334,99.59791666666666
2024-11-07,640423,384894,16627,11.135416666666666,0.007083333333333334,71.69916666666667,4.056666666666667,100.37
2024-11-08,598807,338444,16121,11.31375,0.0,75.2325,5.717083333333334,100.25958333333334
2024-11-09,389774,245573,11607,11.719583333333333,0.7516666666666666,69.15125,7.00375,100.03750000000001
2024-11-10,304838,198976,12744,12.514583333333334,6.032916666666666,81.76291666666667,7.5025,98.86791666666666
2024-11-11,553295,306231,14200,10.339583333333334,0.02791666666666667,74.85208333333334,8.910416666666666,99.29166666666667
2024-11-12,636857,373969,14220,8.87875,0.004166666666666667,68.90833333333333,6.736250000000001,100.38
2024-11-13,630763,370958,11862,9.372916666666667,7.482916666666667,77.58708333333334,7.925416666666667,99.69375000000001
2024-11-14,617682,375401,13244,11.304583333333333,5.060416666666667,87.52458333333334,5.144166666666667,98.85833333333333
2024-11-15,600138,339084,14183,10.475416666666666,0.037083333333333336,76.90166666666667,3.3208333333333333,99.76416666666667
2024-11-16,398264,268968,13137,10.544583333333334,0.0,74.68916666666667,5.3975,99.67791666666666
2024-11-17,306053,200100,12636,11.2325,0.2041666666666667,88.80208333333333,5.357083333333333,99.15208333333334
2024-11-18,562366,327139,9126,12.185416666666667,8.74875,95.21791666666667,5.739999999999999,98.90416666666665
2024-11-19,636056,375502,15439,13.264583333333334,3.220416666666667,82.60583333333334,8.584583333333333,98.1425
2024-11-20,622577,366343,10951,6.445416666666667,1.2437500000000001,75.33208333333333,8.489583333333334,98.68374999999999
2024-11-21,536529,353989,5422,3.844583333333333,5.694583333333333,87.02708333333334,10.502916666666666,98.41000000000001
2024-11-22,580042,368472,10864,7.503333333333334,0.5958333333333333,84.50166666666667,8.559166666666666,99.24708333333332
2024-11-23,382010,289849,9425,5.76875,0.050416666666666665,80.47208333333333,4.797916666666667,99.46833333333335
2024-11-24,299537,190073,8567,7.2437499999999995,0.0016666666666666668,81.99166666666666,5.14375,99.11500000000001
2024-11-25,510077,294322,9632,8.4025,0.16416666666666666,86.50083333333333,5.864166666666667,98.98041666666666
2024-11-26,515698,304740,7976,2.200833333333333,0.0,70.21583333333334,7.011666666666667,99.8
2024-11-27,475091,263826,7271,5.235833333333333,0.011250000000000001,67.67375,3.3966666666666665,99.08458333333334
2024-11-28,190299,113333,2741,1.3304166666666666,0.07458333333333333,79.03458333333333,7.8445833333333335,99.36583333333334
2024-11-29,342107,191845,2617,-1.9320833333333332,0.09000000000000001,76.9725,9.215833333333334,99.76958333333333
2024-11-30,307881,184965,3115,-3.3379166666666666,0.0,77.535,8.499583333333334,99.89999999999999
2024-12-01,248955,150000,3293,-3.595833333333333,0.0,89.05583333333334,6.665416666666666,100.15291666666667
2024-12-02,550901,295612,6392,-2.365416666666667,0.5958333333333333,87.40125,4.745833333333334,100.62708333333335
2024-12-03,604836,343642,7641,-0.7766666666666667,0.02791666666666667,81.12666666666667,7.343333333333334,100.62083333333334
2024-12-04,596492,347986,7795,-0.13499999999999998,0.12125000000000001,80.93833333333333,12.732916666666666,98.63499999999999
2024-12-05,560579,339975,7053,-3.67125,0.10208333333333335,81.09541666666667,10.227083333333333,100.22916666666667
2024-12-06,554637,314531,6976,-1.3062500000000001,0.0,71.31625,7.423333333333333,100.34249999999999
2024-12-07,377536,243445,7600,2.6770833333333335,0.0,79.15958333333333,9.45875,99.22000000000001
2024-12-08,308594,185168,8720,5.41125,0.042916666666666665,93.66958333333334,6.490416666666667,98.57541666666667
2024-12-09,582442,308396,9900,6.325,0.04958333333333333,87.89625,6.61625,98.54708333333333
2024-12-10,575451,344019,8987,1.42125,0.0,77.5625,5.7370833333333335,99.13208333333334
2024-12-11,573105,336961,7351,-2.14125,0.043750000000000004,72.77958333333333,8.997916666666667,99.16875
2024-12-12,478320,297032,4785,-8.580416666666666,0.002916666666666667,80.28958333333334,7.145416666666667,100.63125000000001
2024-12-13,518240,305425,5971,-3.5054166666666666,0.0,74.21791666666667,5.08125,101.49666666666667
2024-12-14,346719,223421,4644,1.5604166666666668,5.80125,79.01333333333334,9.000416666666666,100.97083333333335
2024-12-15,275508,169514,5119,4.44625,2.98625,96.67625,4.672083333333333,99.91791666666667
2024-12-16,548449,289985,7593,4.858333333333333,0.7820833333333334,93.05208333333333,6.9675,99.19916666666667
2024-12-17,579545,331281,8492,2.36,0.0004166666666666667,80.14333333333333,5.150833333333334,100.05958333333332
2024-12-18,575246,323667,7553,0.6437499999999999,0.018333333333333333,76.42041666666667,6.078749999999999,100.34083333333332
2024-12-19,549659,316455,6388,-0.022499999999999982,2.3945833333333333,72.42166666666667,4.958333333333333,100.06458333333335
2024-12-20,505841,276594,4827,1.04,1.9591666666666667,81.28208333333333,8.654583333333333,99.99583333333334
2024-12-21,345462,199310,3593,-2.4254166666666666,0.00375,70.47458333333334,4.397916666666666,100.8675
2024-12-22,268298,161180,3506,-0.33916666666666667,0.0,73.58833333333332,6.99125,100.52875
2024-12-23,423249,226681,4527,2.0908333333333333,0.13416666666666666,86.3925,7.449583333333333,99.78750000000001
2024-12-24,339283,153647,3298,2.375,0.0016666666666666668,76.46583333333334,3.9125,100.42375
2024-12-25,145321,73871,1686,2.5508333333333333,0.09583333333333333,81.03208333333333,3.2762499999999997,100.33625
2024-12-26,363971,190769,4045,3.6595833333333334,0.5075,97.13666666666667,4.377916666666667,99.99583333333334
2024-12-27,392636,207819,3513,5.430416666666667,5.291250000000001,96.9375,6.548333333333333,98.9875
2024-12-28,346462,189493,5732,6.634583333333333,0.06,88.73791666666666,5.885833333333333,99.10374999999999
2024-12-29,229235,135827,1903,4.4070833333333335,15.225416666666668,93.62916666666666,6.538333333333334,98.47083333333335
2024-12-30,444589,241683,6413,2.3975,0.2704166666666667,88.00583333333333,4.175,98.61874999999999
2024-12-31,383342,238273,3116,3.1300000000000003,8.0625,88.8,8.809166666666666,98.52541666666667
2025-01-01,222363,158761,3562,-0.7258333333333334,0.10666666666666667,73.60333333333334,8.519166666666667,99.6675
2025-01-02,420233,231807,4749,-1.30375,0.09291666666666666,70.89916666666666,6.2725,100.12708333333335
2025-01-03,429176,235025,4200,-3.98,0.010833333333333334,74.57958333333333,9.591666666666667,100.21791666666667
2025-01-04,312215,175024,3198,-6.0945833333333335,0.0004166666666666667,76.16916666666667,7.7250000000000005,100.45125
2025-01-05,238295,127194,2933,-3.939166666666667,0.72375,76.13000000000001,6.1375,100.02749999999999
2025-01-06,476792,263520,4080,-0.5204166666666666,0.9033333333333333,79.20583333333333,9.64125,99.93083333333334
2025-01-07,536559,307614,5319,-2.9466666666666668,0.022500000000000003,72.56125,4.9816666666666665,100.72791666666666
2025-01-08,541599,309128,5661,-3.8800000000000003,0.04583333333333334,69.90375,5.17875,100.39625000000001
2025-01-09,547693,305662,5833,-3.501666666666667,0.002916666666666667,69.92666666666666,5.891249999999999,100.05874999999999
2025-01-10,491837,258602,2720,-2.06875,3.435416666666667,90.78083333333332,6.290833333333333,98.98208333333334
2025-01-11,339583,187472,3830,-1.1066666666666667,0.02875,75.6275,5.817916666666666,98.75124999999998
2025-01-12,245870,136189,2562,-0.5216666666666666,0.7716666666666666,82.37791666666666,9.649583333333334,98.77625
2025-01-13,517511,283822,4531,-7.0075,0.0033333333333333335,82.03416666666666,9.285833333333333,99.78249999999998
2025-01-14,533392,316359,4060,-7.474166666666666,0.3775,85.34416666666668,7.56,100.38541666666667
2025-01-15,545654,314826,4654,-7.648333333333333,0.061250000000000006,87.64208333333333,7.357500000000001,100.46625
2025-01-16,577563,327279,6329,-1.1066666666666667,0.115,85.36708333333333,7.676666666666667,99.09458333333333
2025-01-17,563488,290569,6688,1.7591666666666665,0.0016666666666666668,88.95791666666666,9.147916666666667,98.46375
2025-01-18,351783,195161,4603,-1.5566666666666666,0.0,68.83666666666666,9.440416666666666,99.10916666666667
2025-01-19,218301,121517,2228,-11.077916666666667,0.059166666666666666,88.57541666666667,9.195833333333333,100.17041666666667
2025-01-20,254426,136632,1648,-12.89875,0.019583333333333335,91.91333333333334,8.192916666666667,100.90833333333335
2025-01-21,292746,173515,1309,-15.47125,0.011666666666666665,98.74000000000001,7.666250000000001,101.10083333333334
2025-01-22,499263,288673,3243,-8.280416666666666,0.6283333333333333,87.18624999999999,9.959583333333333,99.96
2025-01-23,557838,315644,4285,-6.100416666666667,0.2683333333333333,82.33375,7.23875,100.03458333333333
2025-01-24,513852,262284,4085,-7.858333333333333,0.0,76.03833333333334,6.354166666666667,100.15625
2025-01-25,352390,189632,4568,-1.12375,0.0,77.87375,8.502083333333333,99.7675
2025-01-26,262058,139281,3662,-4.33375,0.0,71.62791666666666,6.049166666666667,100.38958333333333
2025-01-27,555099,287202,6142,-1.2304166666666665,0.0,73.64833333333333,10.385,99.04916666666666
2025-01-28,598090,330430,7964,1.7516666666666667,0.0,76.5725,8.789166666666667,98.35666666666667
2025-01-29,598288,331037,8676,2.3216666666666668,0.0,71.39916666666666,7.042083333333333,99.00083333333333
2025-01-30,594104,327735,7426,2.5941666666666667,4.47625,81.655,4.741666666666666,99.14958333333334
2025-01-31,501702,256033,3903,2.275,15.200416666666667,91.47166666666668,7.545833333333333,98.82416666666667
2025-02-01,374607,189266,5103,-0.5145833333333333,0.0,68.52499999999999,7.23,100.30958333333332
2025-02-02,275610,141641,4947,2.040833333333333,0.18125,87.94,5.25125,99.33375000000001
2025-02-03,535937,284782,6683,1.5783333333333334,0.00375,91.59791666666666,5.088333333333334,99.15958333333333
2025-02-04,597936,328227,6670,-2.8045833333333334,0.0,74.66291666666667,7.861249999999999,100.71666666666665
2025-02-05,585209,323898,6475,-1.7408333333333335,0.4404166666666667,73.39125,7.270416666666667,100.09333333333332
2025-02-06,562135,314399,5911,0.13083333333333327,0.14583333333333334,71.83708333333333,8.9925,99.09708333333333
2025-02-07,565675,276199,6067,-3.13125,0.0,65.12625,4.465416666666667,100.30125
2025-02-08,353763,183968,4074,-0.75875,0.46249999999999997,77.93458333333334,6.364166666666667,99.43291666666666
2025-02-09,282432,147010,4334,-2.6904166666666662,0.0008333333333333334,67.73166666666667,5.441666666666666,100.45083333333334
2025-02-10,555343,281064,6099,-2.737083333333333,0.0,61.35208333333333,3.6320833333333336,100.8975
2025-02-11,596962,325481,5964,-2.8045833333333334,0.0033333333333333335,76.8325,6.371666666666667,100.34666666666668
2025-02-12,488531,267441,3122,-2.1625,8.988333333333333,84.35875,7.099166666666666,99.27583333333332
2025-02-13,557158,311351,3806,-6.739166666666667,0.47875,84.71,8.500833333333334,100.16624999999999
2025-02-14,526733,270168,3604,-7.014166666666667,2.337083333333333,82.34416666666667,6.458333333333333,100.99125
2025-02-15,352655,191510,2886,-0.8458333333333333,0.28833333333333333,85.67291666666667,5.027916666666667,99.10791666666667
2025-02-16,274690,145768,2686,-4.11,0.2608333333333333,80.93875,10.988750000000001,98.995
2025-02-17,366841,197574,2511,-11.998750000000001,0.02625,89.52083333333333,8.9625,100.40583333333332
2025-02-18,489769,269662,2761,-11.453333333333333,0.2816666666666667,88.48,6.655833333333334,101.11291666666666
2025-02-19,548492,300761,4113,-9.122083333333334,0.31625,85.7625,5.81625,100.98916666666666
2025-02-20,564558,314537,4750,-7.06625,0.017083333333333336,87.14541666666666,7.017916666666667,100.88375
2025-02-21,545973,271342,4892,-5.527083333333334,0.0,84.75416666666668,5.352083333333333,101.13
2025-02-22,368782,191327,4396,-4.030833333333333,0.0,78.825,7.261666666666667,100.18708333333335
2025-02-23,280088,143249,4383,0.17833333333333326,0.0,82.66541666666667,5.4316666666666675,99.50041666666668
2025-02-24,575923,291735,8330,3.7304166666666667,0.5670833333333333,89.04875,7.151666666666667,98.54041666666666
2025-02-25,572422,327289,10106,4.840416666666667,0.2575,78.27541666666667,3.61125,98.80874999999999
2025-02-26,606732,327949,8322,3.14625,2.4804166666666667,89.53625,4.7975,98.77958333333333
2025-02-27,604174,332335,9553,3.2070833333333333,0.09749999999999999,79.17291666666667,6.569166666666667,98.91166666666668
2025-02-28,587753,290791,9317,3.9258333333333333,0.0,69.11749999999999,9.956249999999999,98.11708333333333
